-- phpMyAdmin SQL Dump
-- version 5.0.2
-- https://www.phpmyadmin.net/
--
-- Хост: 127.0.0.1:3306
-- Время создания: Дек 16 2020 г., 22:14
-- Версия сервера: 10.3.22-MariaDB
-- Версия PHP: 7.3.17

SET SQL_MODE = "NO_AUTO_VALUE_ON_ZERO";
START TRANSACTION;
SET time_zone = "+00:00";


/*!40101 SET @OLD_CHARACTER_SET_CLIENT=@@CHARACTER_SET_CLIENT */;
/*!40101 SET @OLD_CHARACTER_SET_RESULTS=@@CHARACTER_SET_RESULTS */;
/*!40101 SET @OLD_COLLATION_CONNECTION=@@COLLATION_CONNECTION */;
/*!40101 SET NAMES utf8mb4 */;

--
-- База данных: `id15676525_mysql`
--

-- --------------------------------------------------------

--
-- Структура таблицы `links`
--

CREATE TABLE `links` (
  `id` int(11) NOT NULL COMMENT 'Идентификатор',
  `parent_id` int(11) NOT NULL COMMENT 'Идентификатор учителя',
  `child_id` int(11) NOT NULL COMMENT 'Идентификатор ученика'
) ENGINE=InnoDB DEFAULT CHARSET=utf8mb4 COLLATE=utf8mb4_unicode_ci COMMENT='Связи ученик-учитель';

--
-- Дамп данных таблицы `links`
--

INSERT INTO `links` (`id`, `parent_id`, `child_id`) VALUES
(8, 2, 5),
(9, 2, 3),
(10, 18, 14);

-- --------------------------------------------------------

--
-- Структура таблицы `results`
--

CREATE TABLE `results` (
  `id` int(11) NOT NULL COMMENT 'Идентификатор',
  `user_id` int(11) NOT NULL COMMENT 'Идентификатор автора ответа',
  `task_id` int(11) DEFAULT NULL COMMENT 'Идентификатор задания',
  `created_dt` datetime NOT NULL DEFAULT current_timestamp() COMMENT 'Дата создание записи',
  `res` varchar(150) COLLATE utf8mb4_unicode_ci NOT NULL DEFAULT '0' COMMENT 'Ответ'
) ENGINE=InnoDB DEFAULT CHARSET=utf8mb4 COLLATE=utf8mb4_unicode_ci COMMENT='Ответы';

--
-- Дамп данных таблицы `results`
--

INSERT INTO `results` (`id`, `user_id`, `task_id`, `created_dt`, `res`) VALUES
(8, 3, 50, '2020-12-16 21:07:56', '123'),
(9, 3, 39, '2020-12-16 21:08:02', '123'),
(10, 3, 26, '2020-12-16 21:08:20', '2√5/5'),
(11, 5, 51, '2020-12-16 21:08:46', '2√5/5'),
(12, 5, 39, '2020-12-16 21:08:48', '2√5/5'),
(13, 5, 38, '2020-12-16 21:08:50', '2√5/5'),
(14, 14, 45, '2020-12-16 21:09:15', '1'),
(15, 14, 48, '2020-12-16 21:09:17', '1'),
(16, 14, 42, '2020-12-16 21:09:20', '1'),
(17, 14, 43, '2020-12-16 21:09:22', '1'),
(18, 14, 46, '2020-12-16 21:09:24', '1');

-- --------------------------------------------------------

--
-- Структура таблицы `roles`
--

CREATE TABLE `roles` (
  `id` int(11) NOT NULL COMMENT 'Идентификатор',
  `name` varchar(50) COLLATE utf8mb4_unicode_ci NOT NULL COMMENT 'Наименование'
) ENGINE=InnoDB DEFAULT CHARSET=utf8mb4 COLLATE=utf8mb4_unicode_ci COMMENT='Роли пользователей';

--
-- Дамп данных таблицы `roles`
--

INSERT INTO `roles` (`id`, `name`) VALUES
(1, 'Администратор'),
(2, 'Преподаватель'),
(3, 'Ученик');

-- --------------------------------------------------------

--
-- Структура таблицы `tasks`
--

CREATE TABLE `tasks` (
  `id` int(11) NOT NULL COMMENT 'Идентификатор',
  `text` varchar(500) COLLATE utf8mb4_unicode_ci NOT NULL COMMENT 'Текст задания',
  `res` varchar(150) COLLATE utf8mb4_unicode_ci NOT NULL DEFAULT '0' COMMENT 'Правильный результат',
  `user_id` int(11) NOT NULL COMMENT 'Идентификатор автора',
  `created_dt` datetime NOT NULL DEFAULT current_timestamp() COMMENT 'Дата создание записи',
  `title` varchar(150) COLLATE utf8mb4_unicode_ci DEFAULT NULL COMMENT 'Заголовок задачи',
  `xA1` int(11) NOT NULL DEFAULT 0,
  `yA1` int(11) NOT NULL DEFAULT 0,
  `zA1` int(11) NOT NULL DEFAULT -1,
  `xB1` int(11) NOT NULL DEFAULT 1,
  `yB1` int(11) NOT NULL DEFAULT 0,
  `zB1` int(11) NOT NULL DEFAULT -1,
  `xC1` int(11) NOT NULL DEFAULT 1,
  `yC1` int(11) NOT NULL DEFAULT 0,
  `zC1` int(11) NOT NULL DEFAULT 0,
  `xD1` int(11) NOT NULL DEFAULT 0,
  `yD1` int(11) NOT NULL DEFAULT 0,
  `zD1` int(11) NOT NULL DEFAULT 0,
  `xA2` int(11) NOT NULL DEFAULT 0,
  `yA2` int(11) NOT NULL DEFAULT 1,
  `zA2` int(11) NOT NULL DEFAULT -1,
  `xB2` int(11) NOT NULL DEFAULT 1,
  `yB2` int(11) NOT NULL DEFAULT 1,
  `zB2` int(11) NOT NULL DEFAULT -1,
  `xC2` int(11) NOT NULL DEFAULT 1,
  `yC2` int(11) NOT NULL DEFAULT 1,
  `zC2` int(11) NOT NULL DEFAULT 0,
  `xD2` int(11) NOT NULL DEFAULT 0,
  `yD2` int(11) NOT NULL DEFAULT 1,
  `zD2` int(11) NOT NULL DEFAULT 0,
  `xL1` int(11) NOT NULL DEFAULT 2 COMMENT 'Точка на оси X для прямой 1',
  `yL1` int(11) NOT NULL DEFAULT 1 COMMENT 'Точка на оси Y для прямой 1',
  `zL1` int(11) NOT NULL DEFAULT 1 COMMENT 'Точка на оси Z для прямой 1',
  `zL2` int(11) NOT NULL DEFAULT 1 COMMENT 'Точка на оси Z для прямой 1',
  `yL2` int(11) NOT NULL DEFAULT -1 COMMENT 'Точка на оси Y для прямой 1',
  `xL2` int(11) NOT NULL DEFAULT 0 COMMENT 'Точка на оси X для прямой 1',
  `xL3` int(11) NOT NULL DEFAULT 1 COMMENT 'Точка на оси X для прямой 2',
  `yL3` int(11) NOT NULL DEFAULT 1 COMMENT 'Точка на оси Y для прямой 2',
  `zL3` int(11) NOT NULL DEFAULT -1 COMMENT 'Точка на оси Z для прямой 2',
  `zL4` int(11) NOT NULL DEFAULT 1 COMMENT 'Точка на оси Z для прямой 2',
  `yL4` int(11) NOT NULL DEFAULT 1 COMMENT 'Точка на оси Y для прямой 2',
  `xL4` int(11) NOT NULL DEFAULT 0 COMMENT 'Точка на оси X для прямой 2'
) ENGINE=InnoDB DEFAULT CHARSET=utf8mb4 COLLATE=utf8mb4_unicode_ci COMMENT='Задания';

--
-- Дамп данных таблицы `tasks`
--

INSERT INTO `tasks` (`id`, `text`, `res`, `user_id`, `created_dt`, `title`, `xA1`, `yA1`, `zA1`, `xB1`, `yB1`, `zB1`, `xC1`, `yC1`, `zC1`, `xD1`, `yD1`, `zD1`, `xA2`, `yA2`, `zA2`, `xB2`, `yB2`, `zB2`, `xC2`, `yC2`, `zC2`, `xD2`, `yD2`, `zD2`, `xL1`, `yL1`, `zL1`, `zL2`, `yL2`, `xL2`, `xL3`, `yL3`, `zL3`, `zL4`, `yL4`, `xL4`) VALUES
(26, 'В кубе ABCDA1B1C1D1 рёбра равны 1. На продолжении отрезка A1C1 за точку C1 отмечена точка M так, что A1C1 = C1M, а на продолжении отрезка B1C за точку C отмечена точка N так, что B1C = CN.', '2√5/5', 2, '2020-12-16 21:05:57', 'Найдите расстояние между прямыми B1C1 и MN.', 0, 0, -1, 1, 0, -1, 1, 0, 0, 0, 0, 0, 0, 1, -1, 1, 1, -1, 1, 1, 0, 0, 1, 0, 2, 1, 1, 1, -1, 1, 2, 1, 1, -1, 1, 0),
(27, 'В кубе ABCDA1B1C1D1 рёбра равны 1. На продолжении отрезка A1C1 за точку C1 отмечена точка M так, что A1C1 = C1M, а на продолжении отрезка B1C за точку C отмечена точка N так, что B1C = CN.', '2√5/5', 2, '2020-12-16 21:05:57', 'Найдите расстояние между прямыми B1C1 и MN.', 0, 0, -1, 1, 0, -1, 1, 0, 0, 0, 0, 0, 0, 1, -1, 1, 1, -1, 1, 1, 0, 0, 1, 0, 2, 1, 1, 1, -1, 1, 2, 1, 1, -1, 1, 0),
(28, 'В кубе ABCDA1B1C1D1 рёбра равны 1. На продолжении отрезка A1C1 за точку C1 отмечена точка M так, что A1C1 = C1M, а на продолжении отрезка B1C за точку C отмечена точка N так, что B1C = CN.', '2√5/5', 1, '2020-12-16 21:05:57', 'Найдите расстояние между прямыми B1C1 и MN.', 0, 0, -1, 1, 0, -1, 1, 0, 0, 0, 0, 0, 0, 1, -1, 1, 1, -1, 1, 1, 0, 0, 1, 0, 2, 1, 1, 1, -1, 1, 2, 1, 1, -1, 1, 0),
(29, 'В кубе ABCDA1B1C1D1 рёбра равны 1. На продолжении отрезка A1C1 за точку C1 отмечена точка M так, что A1C1 = C1M, а на продолжении отрезка B1C за точку C отмечена точка N так, что B1C = CN.', '2√5/5', 1, '2020-12-16 21:05:57', 'Найдите расстояние между прямыми B1C1 и MN.', 0, 0, -1, 1, 0, -1, 1, 0, 0, 0, 0, 0, 0, 1, -1, 1, 1, -1, 1, 1, 0, 0, 1, 0, 2, 1, 1, 1, -1, 1, 2, 1, 1, -1, 1, 0),
(30, 'В кубе ABCDA1B1C1D1 рёбра равны 1. На продолжении отрезка A1C1 за точку C1 отмечена точка M так, что A1C1 = C1M, а на продолжении отрезка B1C за точку C отмечена точка N так, что B1C = CN.', '2√5/5', 1, '2020-12-16 21:05:57', 'Найдите расстояние между прямыми B1C1 и MN.', 0, 0, -1, 1, 0, -1, 1, 0, 0, 0, 0, 0, 0, 1, -1, 1, 1, -1, 1, 1, 0, 0, 1, 0, 2, 1, 1, 1, -1, 1, 2, 1, 1, -1, 1, 0),
(31, 'В кубе ABCDA1B1C1D1 рёбра равны 1. На продолжении отрезка A1C1 за точку C1 отмечена точка M так, что A1C1 = C1M, а на продолжении отрезка B1C за точку C отмечена точка N так, что B1C = CN.', '2√5/5', 1, '2020-12-16 21:05:57', 'Найдите расстояние между прямыми B1C1 и MN.', 0, 0, -1, 1, 0, -1, 1, 0, 0, 0, 0, 0, 0, 1, -1, 1, 1, -1, 1, 1, 0, 0, 1, 0, 2, 1, 1, 1, -1, 1, 2, 1, 1, -1, 1, 0),
(32, 'В кубе ABCDA1B1C1D1 рёбра равны 1. На продолжении отрезка A1C1 за точку C1 отмечена точка M так, что A1C1 = C1M, а на продолжении отрезка B1C за точку C отмечена точка N так, что B1C = CN.', '2√5/5', 1, '2020-12-16 21:05:57', 'Найдите расстояние между прямыми B1C1 и MN.', 0, 0, -1, 1, 0, -1, 1, 0, 0, 0, 0, 0, 0, 1, -1, 1, 1, -1, 1, 1, 0, 0, 1, 0, 2, 1, 1, 1, -1, 1, 2, 1, 1, -1, 1, 0),
(33, 'В кубе ABCDA1B1C1D1 рёбра равны 1. На продолжении отрезка A1C1 за точку C1 отмечена точка M так, что A1C1 = C1M, а на продолжении отрезка B1C за точку C отмечена точка N так, что B1C = CN.', '2√5/5', 1, '2020-12-16 21:05:57', 'Найдите расстояние между прямыми B1C1 и MN.', 0, 0, -1, 1, 0, -1, 1, 0, 0, 0, 0, 0, 0, 1, -1, 1, 1, -1, 1, 1, 0, 0, 1, 0, 2, 1, 1, 1, -1, 1, 2, 1, 1, -1, 1, 0),
(34, 'В кубе ABCDA1B1C1D1 рёбра равны 1. На продолжении отрезка A1C1 за точку C1 отмечена точка M так, что A1C1 = C1M, а на продолжении отрезка B1C за точку C отмечена точка N так, что B1C = CN.', '2√5/5', 1, '2020-12-16 21:05:57', 'Найдите расстояние между прямыми B1C1 и MN.', 0, 0, -1, 1, 0, -1, 1, 0, 0, 0, 0, 0, 0, 1, -1, 1, 1, -1, 1, 1, 0, 0, 1, 0, 2, 1, 1, 1, -1, 1, 2, 1, 1, -1, 1, 0),
(35, 'В кубе ABCDA1B1C1D1 рёбра равны 1. На продолжении отрезка A1C1 за точку C1 отмечена точка M так, что A1C1 = C1M, а на продолжении отрезка B1C за точку C отмечена точка N так, что B1C = CN.', '2√5/5', 1, '2020-12-16 21:05:57', 'Найдите расстояние между прямыми B1C1 и MN.', 0, 0, -1, 1, 0, -1, 1, 0, 0, 0, 0, 0, 0, 1, -1, 1, 1, -1, 1, 1, 0, 0, 1, 0, 2, 1, 1, 1, -1, 1, 2, 1, 1, -1, 1, 0),
(36, 'В кубе ABCDA1B1C1D1 рёбра равны 1. На продолжении отрезка A1C1 за точку C1 отмечена точка M так, что A1C1 = C1M, а на продолжении отрезка B1C за точку C отмечена точка N так, что B1C = CN.', '2√5/5', 1, '2020-12-16 21:05:57', 'Найдите расстояние между прямыми B1C1 и MN.', 0, 0, -1, 1, 0, -1, 1, 0, 0, 0, 0, 0, 0, 1, -1, 1, 1, -1, 1, 1, 0, 0, 1, 0, 2, 1, 1, 1, -1, 1, 2, 1, 1, -1, 1, 0),
(37, 'В кубе ABCDA1B1C1D1 рёбра равны 1. На продолжении отрезка A1C1 за точку C1 отмечена точка M так, что A1C1 = C1M, а на продолжении отрезка B1C за точку C отмечена точка N так, что B1C = CN.', '2√5/5', 1, '2020-12-16 21:05:57', 'Найдите расстояние между прямыми B1C1 и MN.', 0, 0, -1, 1, 0, -1, 1, 0, 0, 0, 0, 0, 0, 1, -1, 1, 1, -1, 1, 1, 0, 0, 1, 0, 2, 1, 1, 1, -1, 1, 2, 1, 1, -1, 1, 0),
(38, 'В кубе ABCDA1B1C1D1 рёбра равны 1. На продолжении отрезка A1C1 за точку C1 отмечена точка M так, что A1C1 = C1M, а на продолжении отрезка B1C за точку C отмечена точка N так, что B1C = CN.', '2√5/5', 2, '2020-12-16 21:05:57', 'Найдите расстояние между прямыми B1C1 и MN.', 0, 0, -1, 1, 0, -1, 1, 0, 0, 0, 0, 0, 0, 1, -1, 1, 1, -1, 1, 1, 0, 0, 1, 0, 2, 1, 1, 1, -1, 1, 2, 1, 1, -1, 1, 0),
(39, 'В кубе ABCDA1B1C1D1 рёбра равны 1. На продолжении отрезка A1C1 за точку C1 отмечена точка M так, что A1C1 = C1M, а на продолжении отрезка B1C за точку C отмечена точка N так, что B1C = CN.', '2√5/5', 2, '2020-12-16 21:05:57', 'Найдите расстояние между прямыми B1C1 и MN.', 0, 0, -1, 1, 0, -1, 1, 0, 0, 0, 0, 0, 0, 1, -1, 1, 1, -1, 1, 1, 0, 0, 1, 0, 2, 1, 1, 1, -1, 1, 2, 1, 1, -1, 1, 0),
(40, 'В кубе ABCDA1B1C1D1 рёбра равны 1. На продолжении отрезка A1C1 за точку C1 отмечена точка M так, что A1C1 = C1M, а на продолжении отрезка B1C за точку C отмечена точка N так, что B1C = CN.', '2√5/5', 2, '2020-12-16 21:05:57', 'Найдите расстояние между прямыми B1C1 и MN.', 0, 0, -1, 1, 0, -1, 1, 0, 0, 0, 0, 0, 0, 1, -1, 1, 1, -1, 1, 1, 0, 0, 1, 0, 2, 1, 1, 1, -1, 1, 2, 1, 1, -1, 1, 0),
(41, 'В кубе ABCDA1B1C1D1 рёбра равны 1. На продолжении отрезка A1C1 за точку C1 отмечена точка M так, что A1C1 = C1M, а на продолжении отрезка B1C за точку C отмечена точка N так, что B1C = CN.', '2√5/5', 2, '2020-12-16 21:05:57', 'Найдите расстояние между прямыми B1C1 и MN.', 0, 0, -1, 1, 0, -1, 1, 0, 0, 0, 0, 0, 0, 1, -1, 1, 1, -1, 1, 1, 0, 0, 1, 0, 2, 1, 1, 1, -1, 1, 2, 1, 1, -1, 1, 0),
(42, 'В кубе ABCDA1B1C1D1 рёбра равны 1. На продолжении отрезка A1C1 за точку C1 отмечена точка M так, что A1C1 = C1M, а на продолжении отрезка B1C за точку C отмечена точка N так, что B1C = CN.', '2√5/5', 18, '2020-12-16 21:05:57', 'Найдите расстояние между прямыми B1C1 и MN.', 0, 0, -1, 1, 0, -1, 1, 0, 0, 0, 0, 0, 0, 1, -1, 1, 1, -1, 1, 1, 0, 0, 1, 0, 2, 1, 1, 1, -1, 1, 2, 1, 1, -1, 1, 0),
(43, 'В кубе ABCDA1B1C1D1 рёбра равны 1. На продолжении отрезка A1C1 за точку C1 отмечена точка M так, что A1C1 = C1M, а на продолжении отрезка B1C за точку C отмечена точка N так, что B1C = CN.', '2√5/5', 18, '2020-12-16 21:05:57', 'Найдите расстояние между прямыми B1C1 и MN.', 0, 0, -1, 1, 0, -1, 1, 0, 0, 0, 0, 0, 0, 1, -1, 1, 1, -1, 1, 1, 0, 0, 1, 0, 2, 1, 1, 1, -1, 1, 2, 1, 1, -1, 1, 0),
(44, 'В кубе ABCDA1B1C1D1 рёбра равны 1. На продолжении отрезка A1C1 за точку C1 отмечена точка M так, что A1C1 = C1M, а на продолжении отрезка B1C за точку C отмечена точка N так, что B1C = CN.', '2√5/5', 18, '2020-12-16 21:05:57', 'Найдите расстояние между прямыми B1C1 и MN.', 0, 0, -1, 1, 0, -1, 1, 0, 0, 0, 0, 0, 0, 1, -1, 1, 1, -1, 1, 1, 0, 0, 1, 0, 2, 1, 1, 1, -1, 1, 2, 1, 1, -1, 1, 0),
(45, 'В кубе ABCDA1B1C1D1 рёбра равны 1. На продолжении отрезка A1C1 за точку C1 отмечена точка M так, что A1C1 = C1M, а на продолжении отрезка B1C за точку C отмечена точка N так, что B1C = CN.', '2√5/5', 18, '2020-12-16 21:05:57', 'Найдите расстояние между прямыми B1C1 и MN.', 0, 0, -1, 1, 0, -1, 1, 0, 0, 0, 0, 0, 0, 1, -1, 1, 1, -1, 1, 1, 0, 0, 1, 0, 2, 1, 1, 1, -1, 1, 2, 1, 1, -1, 1, 0),
(46, 'В кубе ABCDA1B1C1D1 рёбра равны 1. На продолжении отрезка A1C1 за точку C1 отмечена точка M так, что A1C1 = C1M, а на продолжении отрезка B1C за точку C отмечена точка N так, что B1C = CN.', '2√5/5', 18, '2020-12-16 21:05:57', 'Найдите расстояние между прямыми B1C1 и MN.', 0, 0, -1, 1, 0, -1, 1, 0, 0, 0, 0, 0, 0, 1, -1, 1, 1, -1, 1, 1, 0, 0, 1, 0, 2, 1, 1, 1, -1, 1, 2, 1, 1, -1, 1, 0),
(47, 'В кубе ABCDA1B1C1D1 рёбра равны 1. На продолжении отрезка A1C1 за точку C1 отмечена точка M так, что A1C1 = C1M, а на продолжении отрезка B1C за точку C отмечена точка N так, что B1C = CN.', '2√5/5', 18, '2020-12-16 21:05:57', 'Найдите расстояние между прямыми B1C1 и MN.', 0, 0, -1, 1, 0, -1, 1, 0, 0, 0, 0, 0, 0, 1, -1, 1, 1, -1, 1, 1, 0, 0, 1, 0, 2, 1, 1, 1, -1, 1, 2, 1, 1, -1, 1, 0),
(48, 'В кубе ABCDA1B1C1D1 рёбра равны 1. На продолжении отрезка A1C1 за точку C1 отмечена точка M так, что A1C1 = C1M, а на продолжении отрезка B1C за точку C отмечена точка N так, что B1C = CN.', '2√5/5', 18, '2020-12-16 21:05:57', 'Найдите расстояние между прямыми B1C1 и MN.', 0, 0, -1, 1, 0, -1, 1, 0, 0, 0, 0, 0, 0, 1, -1, 1, 1, -1, 1, 1, 0, 0, 1, 0, 2, 1, 1, 1, -1, 1, 2, 1, 1, -1, 1, 0),
(49, 'В кубе ABCDA1B1C1D1 рёбра равны 1. На продолжении отрезка A1C1 за точку C1 отмечена точка M так, что A1C1 = C1M, а на продолжении отрезка B1C за точку C отмечена точка N так, что B1C = CN.', '2√5/5', 18, '2020-12-16 21:05:57', 'Найдите расстояние между прямыми B1C1 и MN.', 0, 0, -1, 1, 0, -1, 1, 0, 0, 0, 0, 0, 0, 1, -1, 1, 1, -1, 1, 1, 0, 0, 1, 0, 2, 1, 1, 1, -1, 1, 2, 1, 1, -1, 1, 0),
(50, 'В кубе ABCDA1B1C1D1 рёбра равны 1. На продолжении отрезка A1C1 за точку C1 отмечена точка M так, что A1C1 = C1M, а на продолжении отрезка B1C за точку C отмечена точка N так, что B1C = CN.', '2√5/5', 2, '2020-12-16 21:05:57', 'Найдите расстояние между прямыми B1C1 и MN.', 0, 0, -1, 1, 0, -1, 1, 0, 0, 0, 0, 0, 0, 1, -1, 1, 1, -1, 1, 1, 0, 0, 1, 0, 2, 1, 1, 1, -1, 1, 2, 1, 1, -1, 1, 0),
(51, 'В кубе ABCDA1B1C1D1 рёбра равны 1. На продолжении отрезка A1C1 за точку C1 отмечена точка M так, что A1C1 = C1M, а на продолжении отрезка B1C за точку C отмечена точка N так, что B1C = CN.', '2√5/5', 2, '2020-12-16 21:05:57', 'Найдите расстояние между прямыми B1C1 и MN.', 0, 0, -1, 1, 0, -1, 1, 0, 0, 0, 0, 0, 0, 1, -1, 1, 1, -1, 1, 1, 0, 0, 1, 0, 2, 1, 1, 1, -1, 1, 2, 1, 1, -1, 1, 0);

-- --------------------------------------------------------

--
-- Структура таблицы `users`
--

CREATE TABLE `users` (
  `id` int(11) NOT NULL COMMENT 'Идентификатор',
  `username` varchar(100) COLLATE utf8mb4_unicode_ci NOT NULL COMMENT 'Логин для входа в систему',
  `password` varchar(150) COLLATE utf8mb4_unicode_ci NOT NULL COMMENT 'Пароль для входа в систему',
  `email` varchar(150) COLLATE utf8mb4_unicode_ci NOT NULL COMMENT 'Электронный адрес',
  `name` varchar(300) COLLATE utf8mb4_unicode_ci NOT NULL COMMENT 'Полное имя пользователя',
  `role_id` int(11) NOT NULL COMMENT 'Идентификатор роль пользователя'
) ENGINE=InnoDB DEFAULT CHARSET=utf8mb4 COLLATE=utf8mb4_unicode_ci COMMENT='Пользователи';

--
-- Дамп данных таблицы `users`
--

INSERT INTO `users` (`id`, `username`, `password`, `email`, `name`, `role_id`) VALUES
(1, 'admin', 'admin', 'admin@mail.ru', 'Администратор', 1),
(2, 't1', 't1', 't1@mail.ru', 'Иванов И.И.', 2),
(3, 's1', 's1', 's1@mail.ru', 'Петров П.П.', 3),
(4, 't2', 't2', 't2@mail.ru', 'Сидоров С.С.', 2),
(5, 's2', 's2', 's2@mail.ru', 'Иванов И.И.', 3),
(14, 's3', 's3', 's3@mail.ru', 'Петров П. П.', 3),
(15, 's4', 's4', 's4@mail.ru', 'Петров П. П.', 3),
(18, 't3', 't3', 't3@mai.ru', 'Игров И.И.', 2);

--
-- Индексы сохранённых таблиц
--

--
-- Индексы таблицы `links`
--
ALTER TABLE `links`
  ADD PRIMARY KEY (`id`),
  ADD KEY `curators_FK_user__child` (`child_id`) USING BTREE,
  ADD KEY `curators_FK_user__parent` (`parent_id`) USING BTREE;

--
-- Индексы таблицы `results`
--
ALTER TABLE `results`
  ADD PRIMARY KEY (`id`),
  ADD KEY `answers_FK` (`user_id`) USING BTREE,
  ADD KEY `results_FK_1` (`task_id`);

--
-- Индексы таблицы `roles`
--
ALTER TABLE `roles`
  ADD PRIMARY KEY (`id`);

--
-- Индексы таблицы `tasks`
--
ALTER TABLE `tasks`
  ADD PRIMARY KEY (`id`),
  ADD KEY `tasks_FK_user` (`user_id`) USING BTREE;

--
-- Индексы таблицы `users`
--
ALTER TABLE `users`
  ADD PRIMARY KEY (`id`),
  ADD KEY `users_FK` (`role_id`) USING BTREE;

--
-- AUTO_INCREMENT для сохранённых таблиц
--

--
-- AUTO_INCREMENT для таблицы `links`
--
ALTER TABLE `links`
  MODIFY `id` int(11) NOT NULL AUTO_INCREMENT COMMENT 'Идентификатор', AUTO_INCREMENT=11;

--
-- AUTO_INCREMENT для таблицы `results`
--
ALTER TABLE `results`
  MODIFY `id` int(11) NOT NULL AUTO_INCREMENT COMMENT 'Идентификатор', AUTO_INCREMENT=19;

--
-- AUTO_INCREMENT для таблицы `roles`
--
ALTER TABLE `roles`
  MODIFY `id` int(11) NOT NULL AUTO_INCREMENT COMMENT 'Идентификатор', AUTO_INCREMENT=4;

--
-- AUTO_INCREMENT для таблицы `tasks`
--
ALTER TABLE `tasks`
  MODIFY `id` int(11) NOT NULL AUTO_INCREMENT COMMENT 'Идентификатор', AUTO_INCREMENT=52;

--
-- AUTO_INCREMENT для таблицы `users`
--
ALTER TABLE `users`
  MODIFY `id` int(11) NOT NULL AUTO_INCREMENT COMMENT 'Идентификатор', AUTO_INCREMENT=19;

--
-- Ограничения внешнего ключа сохраненных таблиц
--

--
-- Ограничения внешнего ключа таблицы `links`
--
ALTER TABLE `links`
  ADD CONSTRAINT `links_FK` FOREIGN KEY (`parent_id`) REFERENCES `users` (`id`),
  ADD CONSTRAINT `links_FK_1` FOREIGN KEY (`child_id`) REFERENCES `users` (`id`);

--
-- Ограничения внешнего ключа таблицы `results`
--
ALTER TABLE `results`
  ADD CONSTRAINT `results_FK` FOREIGN KEY (`user_id`) REFERENCES `users` (`id`),
  ADD CONSTRAINT `results_FK_1` FOREIGN KEY (`task_id`) REFERENCES `tasks` (`id`);

--
-- Ограничения внешнего ключа таблицы `tasks`
--
ALTER TABLE `tasks`
  ADD CONSTRAINT `tasks_FK` FOREIGN KEY (`user_id`) REFERENCES `users` (`id`);

--
-- Ограничения внешнего ключа таблицы `users`
--
ALTER TABLE `users`
  ADD CONSTRAINT `users_FK` FOREIGN KEY (`role_id`) REFERENCES `roles` (`id`);
COMMIT;

/*!40101 SET CHARACTER_SET_CLIENT=@OLD_CHARACTER_SET_CLIENT */;
/*!40101 SET CHARACTER_SET_RESULTS=@OLD_CHARACTER_SET_RESULTS */;
/*!40101 SET COLLATION_CONNECTION=@OLD_COLLATION_CONNECTION */;
